{
  "restaurant": {
    "name": "Epicurean Symphony",
    "location": {
      "address": "123 Gourmet Avenue, Culinary Metropolis",
      "latitude": 40.7128,
      "longitude": -74.0060
    },
    "chef": {
      "name": "Chef Isabella Culinary Maestro",
      "bio": "An internationally renowned chef with a flair for creating culinary masterpieces that transcend borders.",
      "signature_dish": "Mango Tango Fusion"
    },
    "awards": [
      {
        "year": 2023,
        "organization": "Michelin Guide",
        "award": "Three Michelin Stars"
      },
      {
        "year": 2022,
        "organization": "James Beard Foundation",
        "award": "Outstanding Chef of the Year"
      },
      {
        "year": 2021,
        "organization": "World's 50 Best Restaurants",
        "award": "Top 5 Restaurants Worldwide"
      }
    ],
    "ambiance": {
      "description": "Epicurean Symphony offers a sophisticated and cozy ambiance, with contemporary decor and soft lighting, creating the perfect setting for an unforgettable dining experience."
    },
    "sustainability": {
      "initiatives": [
        {
          "name": "Farm-to-Table",
          "description": "We source our ingredients locally to support farmers and ensure the freshest, seasonal produce in our dishes."
        },
        {
          "name": "Waste Reduction",
          "description": "We prioritize reducing food waste through careful portioning, composting, and recycling practices."
        },
        {
          "name": "Ocean-Friendly Seafood",
          "description": "We are committed to serving sustainably sourced seafood to promote the health of our oceans and marine life."
        }
      ]
    },
    "events": {
      "upcoming_events": [
        {
          "name": "Culinary Artistry Showcase",
          "date": "2023-12-15",
          "description": "Join us for a night of culinary artistry as Chef Isabella presents her latest creations in an exclusive tasting event."
        },
        {
          "name": "Wine and Dine Pairing Night",
          "date": "2024-01-20",
          "description": "Indulge in an evening of exquisite wine and food pairings, curated by our sommelier and Chef Isabella."
        }
      ]
    },
    "online_presence": {
      "website": "https://www.epicureansymphony.com",
      "social_media": {
        "facebook": "https://www.facebook.com/epicureansymphony",
        "instagram": "https://www.instagram.com/epicureansymphony",
        "twitter": "https://www.twitter.com/epicureansymph"
      }
    },
    "menu": {
      "categories": [
        {
          "name": "Artisanal Appetizers",
          "items": [
            {
              "name": "Mango Tango Ceviche",
              "description": "Fresh ceviche with mango, avocado, and citrus-infused seafood medley.",
              "price": 32.99,
              "ingredients": ["Sea bass", "Shrimp", "Mango", "Avocado"],
              "nutritional_info": {
                "calories": 280,
                "protein": 20,
                "carbohydrates": 15,
                "fat": 18
              },
              "seasonal_availability": ["Year-round"]
            },
            {
              "name": "Truffle Butter Escargot",
              "description": "Escargot baked in truffle butter, served with garlic-infused baguette.",
              "price": 28.99,
              "ingredients": ["Escargot", "Truffle butter", "Baguette", "Garlic"],
              "nutritional_info": {
                "calories": 350,
                "protein": 15,
                "carbohydrates": 25,
                "fat": 22
              },
              "seasonal_availability": ["Year-round"]
            }
          ]
        },
        {
          "name": "Global Fusion Entrees",
          "items": [
            {
              "name": "Saffron-Spiced Chicken Tikka Masala",
              "description": "Tender chicken tikka in a rich saffron-infused tomato curry, served with basmati rice.",
              "price": 42.99,
              "ingredients": ["Chicken tikka", "Saffron curry", "Basmati rice", "Naan bread"],
              "nutritional_info": {
                "calories": 480,
                "protein": 25,
                "carbohydrates": 40,
                "fat": 28
              },
              "seasonal_availability": ["Year-round"],
              "customizable_options": ["Spice level: Medium", "Add coconut milk"]
            },
            {
              "name": "Chimichurri-Infused Argentinian Ribeye",
              "description": "Grilled ribeye steak marinated in zesty chimichurri sauce, served with sweet potato puree.",
              "price": 56.99,
              "ingredients": ["Ribeye steak", "Chimichurri sauce", "Sweet potato puree", "Grilled vegetables"],
              "nutritional_info": {
                "calories": 600,
                "protein": 40,
                "carbohydrates": 30,
                "fat": 45
              },
              "seasonal_availability": ["Year-round"]
            }
          ]
        },
        {
          "name": "Epicurean Indulgences",
          "items": [
            {
              "name": "Passion Fruit Cheesecake",
              "description": "Creamy cheesecake with a tropical twist of passion fruit, topped with mango coulis.",
              "price": 18.99,
              "ingredients": ["Cream cheese", "Passion fruit", "Mango coulis", "Graham cracker crust"],
              "nutritional_info": {
                "calories": 380,
                "protein": 8,
                "carbohydrates": 35,
                "fat": 25
              },
              "seasonal_availability": ["Year-round"]
            },
            {
              "name": "Chocolate Hazelnut Decadence",
              "description": "Decadent chocolate hazelnut mousse layered with hazelnut praline, served with espresso gelato.",
              "price": 24.99,
              "ingredients": ["Chocolate hazelnut mousse", "Hazelnut praline", "Espresso gelato"],
              "nutritional_info": {
                "calories": 450,
                "protein": 10,
                "carbohydrates": 40,
                "fat": 30
              },
              "seasonal_availability": ["Year-round"]
            }
          ]
        }
      ],
      "seasonal_menu": {
        "name": "Seasonal Symphony",
        "items": [
          {
            "name": "Butternut Squash Sage Risotto",
            "description": "Creamy risotto with roasted butternut squash, sage, and Parmesan cheese.",
            "price": 36.99,
            "ingredients": ["Arborio rice", "Butternut squash", "Sage", "Parmesan cheese"],
            "nutritional_info": {
              "calories": 420,
              "protein": 10,
              "carbohydrates": 60,
              "fat": 18
            },
            "seasonal_availability": ["Fall"]
          },
          {
            "name": "Mango Coconut Basil Sorbet",
            "description": "Refreshing sorbet with the tropical combination of mango, coconut, and fresh basil.",
            "price": 14.99,
            "ingredients": ["Mango", "Coconut milk", "Basil", "Simple syrup"],
            "nutritional_info": {
              "calories": 180,
              "protein": 1,
              "carbohydrates": 40,
              "fat": 0
            },
            "seasonal_availability": ["Summer"]
          }
        ]
      }
    },
    "reviews": [
      {
        "customer_name": "CulinaryExplorer",
        "rating": 5,
        "comment": "Epicurean Symphony takes gastronomy to new heights. Chef Isabella's creations are a culinary masterpiece."
      },
      {
        "customer_name": "FoodieConnoisseur",
        "rating": 4.5,
        "comment": "An epicurean delight! The fusion of flavors in every dish is simply extraordinary."
      },
      {
        "customer_name": "GourmetGlobetrotter",
        "rating": 5,
        "comment": "Exceptional service, world-class cuisine, and a dining experience that lingers on the palate."
      }
    ]
  }
}

